,City,Cloudiness,Country,Date,Humidity,latitude,longitude,Max Temp,Wind Speed,Latitude,Longitude
0,Baymak,80,RU,1551851098,92,,,31,14,52.0,58.0
1,Puerto Quijarro,36,BO,1551851099,76,,,80,3,-19.0,-57.0
2,Baykit,36,RU,1551851099,68,,,17,11,61.0,96.0
3,Saint-Philippe,75,CA,1551851097,78,,,15,10,45.0,-73.0
4,Port Elizabeth,1,US,1551851071,63,,,28,13,39.0,-74.0
5,Kefamenanu,48,ID,1551851099,97,,,74,2,-9.0,124.0
6,Mount Isa,40,AU,1551848400,16,,,96,12,-20.0,139.0
7,Carnarvon,0,ZA,1551851099,31,,,64,2,-30.0,22.0
8,Hithadhoo,32,MV,1551851100,100,,,80,7,0.0,73.0
9,Freeport,68,BS,1551851100,100,,,69,19,26.0,-78.0
10,Saskylakh,80,RU,1551851101,84,,,2,7,71.0,114.0
11,Mar del Plata,76,AR,1551851101,53,,,63,28,-46.0,-67.0
12,Albany,20,US,1551850926,56,,,18,7,42.0,-73.0
13,Kaseda,75,JP,1551850328,100,,,59,9,31.0,130.0
14,Esparta,40,HN,1551848400,88,,,73,2,15.0,-87.0
15,Sao Filipe,0,CV,1551851102,97,,,70,17,14.0,-24.0
16,Saratoga Springs,90,US,1551851082,65,,,16,9,43.0,-73.0
17,New Norfolk,40,AU,1551851055,58,,,55,3,-42.0,147.0
18,Kodiak,1,US,1551851020,43,,,12,8,39.0,-94.0
19,Tezu,92,IN,1551851103,96,,,52,0,27.0,96.0
20,Airai,56,TL,1551851103,95,,,76,1,-8.0,125.0
21,Yellowknife,5,CA,1551850969,84,,,1,5,62.0,-114.0
22,Provideniya,0,RU,1551848400,63,,,28,17,64.0,-173.0
23,Manta,48,RO,1551851103,85,,,35,2,45.0,24.0
24,Hami,64,CN,1551851104,48,,,51,10,42.0,93.0
25,Hasaki,75,JP,1551850476,76,,,59,9,35.0,140.0
26,Fortuna,40,ES,1551851091,87,,,57,4,38.0,-1.0
27,Haren,75,NL,1551851092,100,,,44,11,53.0,6.0
28,Libreville,90,GA,1551848400,100,,,73,9,0.0,9.0
29,Lufilufi,75,WS,1551850986,88,,,80,5,-13.0,-171.0
30,Karakol,12,KG,1551851105,89,,,29,1,42.0,78.0
31,Russell,75,AR,1551848400,72,,,68,2,-33.0,-68.0
32,Ushuaia,20,AR,1551848400,100,,,39,5,-54.0,-68.0
33,Saldanha,92,PT,1551851106,97,,,48,18,41.0,-6.0
34,Qaanaaq,48,GL,1551851106,77,,,-8,5,77.0,-69.0
35,Ust-Tsilma,88,RU,1551851106,83,,,17,4,65.0,52.0
36,Fairbanks,1,US,1551850856,72,,,26,6,64.0,-147.0
37,Port Lincoln,0,AU,1551851106,87,,,64,13,-34.0,135.0
38,Korhogo,0,CI,1551851107,48,,,65,4,9.0,-5.0
39,Georgetown,20,GY,1551848400,94,,,73,4,6.0,-58.0
40,Busselton,80,AU,1551850813,20,,,84,9,-33.0,115.0
41,Lardos,20,GR,1551847800,76,,,55,3,36.0,28.0
42,Hilo,90,US,1551850939,77,,,70,14,19.0,-155.0
43,Twin Falls,90,US,1551850830,93,,,36,19,42.0,-114.0
44,Rikitea,44,PF,1551851108,96,,,81,16,-23.0,-134.0
45,Pevek,80,RU,1551851109,84,,,5,4,69.0,170.0
46,Kapaa,75,US,1551850697,82,,,71,21,22.0,-159.0
47,Vaini,0,IN,1551848400,24,,,80,3,15.0,74.0
48,Bonavista,0,CA,1551850247,76,,,23,15,48.0,-53.0
49,Jamestown,0,AU,1551851109,77,,,62,12,-33.0,138.0
50,Jalu,0,LY,1551851110,76,,,45,2,29.0,21.0
51,Cidreira,68,BR,1551851110,97,,,73,4,-30.0,-50.0
52,Punta Arenas,90,CL,1551850990,86,,,41,4,-53.0,-70.0
53,Bredasdorp,0,ZA,1551850271,88,,,69,2,-34.0,20.0
54,Chuy,88,UY,1551851110,97,,,69,7,-33.0,-53.0
55,Sao Joao da Barra,48,BR,1551851110,100,,,81,16,-21.0,-41.0
56,Mattawa,1,CA,1551850816,100,,,-3,8,46.0,-78.0
57,San Cristobal,90,EC,1551851102,87,,,59,3,0.0,-78.0
58,Redmond,1,US,1551851036,44,,,41,5,47.0,-122.0
59,Mataura,0,NZ,1551851111,28,,,76,18,-46.0,168.0
60,Namibe,12,AO,1551851111,100,,,78,3,-15.0,12.0
61,Sulangan,0,PH,1551851111,96,,,82,9,11.0,123.0
62,Mindelo,75,PT,1551851041,100,,,55,18,41.0,-8.0
63,Bluff,44,AU,1551851112,47,,,89,9,-23.0,149.0
64,Nome,1,US,1551851107,74,,,42,3,30.0,-94.0
65,Bambous Virieux,40,MU,1551851044,66,,,84,8,-20.0,57.0
66,Mackay,5,CA,1551848400,71,,,8,2,53.0,-115.0
67,Praia,80,BR,1551851112,97,,,63,2,-20.0,-43.0
68,Port Macquarie,20,AU,1551851045,34,,,95,12,-31.0,152.0
69,Tuktoyaktuk,5,CA,1551848400,77,,,0,8,69.0,-133.0
70,Khatanga,80,RU,1551851113,85,,,2,3,71.0,102.0
71,Marovoay,40,MG,1551848400,94,,,75,2,-16.0,46.0
72,Karatau,88,KZ,1551851113,79,,,32,3,43.0,70.0
73,Castro,90,CL,1551848400,100,,,55,20,-42.0,-73.0
74,Hermanus,0,ZA,1551850271,89,,,66,1,-34.0,19.0
75,Avarua,48,CK,1551850200,73,,,77,4,-21.0,-159.0
76,Tastur,36,TN,1551848400,93,,,46,2,36.0,9.0
77,Uppsala,68,SE,1551851063,92,,,15,2,59.0,17.0
78,Ponta do Sol,20,BR,1551851114,90,,,64,2,-20.0,-46.0
79,Lompoc,90,US,1551850853,87,,,55,9,34.0,-120.0
80,Los Llanos de Aridane,76,ES,1551848401,77,,,60,6,28.0,-17.0
81,Jiangyou,92,CN,1551851114,71,,,52,6,31.0,104.0
82,Arraial do Cabo,20,BR,1551851114,98,,,78,12,-22.0,-42.0
83,Chiang Rai,20,TH,1551850727,40,,,93,6,19.0,99.0
84,Narsaq,88,GL,1551847800,31,,,33,36,60.0,-46.0
85,Tiksi,56,RU,1551851115,71,,,12,10,71.0,128.0
86,East London,0,ZA,1551848400,78,,,73,12,-33.0,27.0
87,Kendari,88,ID,1551851115,87,,,80,3,-3.0,122.0
88,Ilulissat,8,GL,1551847800,60,,,10,4,69.0,-51.0
89,Cape Town,0,ZA,1551851115,93,,,69,3,-33.0,18.0
90,Arlit,0,NE,1551851116,50,,,54,3,18.0,7.0
91,Isangel,75,VU,1551848400,66,,,89,8,-19.0,169.0
92,Iqaluit,5,CA,1551850966,74,,,-22,9,63.0,-68.0
93,Ulladulla,75,AU,1551851106,41,,,80,23,-35.0,150.0
94,Atuona,56,PF,1551851116,100,,,80,16,-9.0,-139.0
95,Flin Flon,48,CA,1551850925,61,,,3,9,54.0,-101.0
96,Longyearbyen,75,NO,1551847800,63,,,-5,11,78.0,15.0
97,Aksu,90,KZ,1551850200,85,,,24,11,52.0,76.0
98,Lavrentiya,92,RU,1551851117,95,,,28,9,65.0,-170.0
99,Sorland,40,NO,1551849600,68,,,30,17,67.0,12.0
100,Clyde River,90,CA,1551848400,83,,,-5,10,70.0,-68.0
101,Severo-Kurilsk,68,RU,1551851117,100,,,23,17,50.0,156.0
102,Muros,75,ES,1551851115,93,,,55,18,42.0,-9.0
103,Jagodina,90,RS,1551848400,100,,,39,1,43.0,21.0
104,Victoria,75,BN,1551850200,59,,,91,4,5.0,115.0
105,Sibolga,20,ID,1551851118,85,,,82,1,1.0,98.0
106,Nanortalik,48,GL,1551851118,100,,,27,48,60.0,-45.0
107,Lumphat,0,KH,1551851118,43,,,91,3,13.0,106.0
108,Iquique,0,CL,1551848400,73,,,69,11,-20.0,-70.0
109,Magway,80,MM,1551850946,58,,,81,1,20.0,94.0
110,Kaitangata,0,NZ,1551851024,73,,,66,7,-46.0,169.0
111,Masuguru,64,MZ,1551851119,96,,,76,4,-11.0,38.0
112,San Isidro,0,PH,1551851021,57,,,89,4,16.0,121.0
113,Nikolskoye,0,RU,1551851113,84,,,9,11,59.0,30.0
114,Ola,36,RU,1551851120,100,,,11,6,59.0,151.0
115,Klaksvik,0,FO,1551849600,74,,,35,4,62.0,-6.0
116,Nisia Floresta,75,BR,1551848400,94,,,77,5,-6.0,-35.0
117,Mayo,5,CA,1551848400,60,,,5,8,63.0,-135.0
118,Saint-Joseph,0,FR,1551851112,75,,,48,3,43.0,6.0
119,Altamont,68,CA,1551850895,100,,,8,3,49.0,-98.0
120,Mehamn,90,NO,1551849600,85,,,24,14,71.0,27.0
121,Sao Borja,80,BR,1551851122,70,,,79,6,-28.0,-56.0
122,Upernavik,68,GL,1551851122,100,,,9,10,72.0,-56.0
123,Puerto Leguizamo,32,CO,1551851122,96,,,73,2,0.0,-74.0
124,Alofi,0,NU,1551848400,69,,,80,12,-19.0,-169.0
125,Puerto Ayora,0,EC,1551851122,100,,,77,7,0.0,-90.0
126,Matagami,20,NG,1551851123,81,,,63,2,9.0,8.0
127,Torphins,90,GB,1551851043,93,,,37,3,57.0,-2.0
128,San Patricio,0,PY,1551851123,79,,,75,4,-26.0,-56.0
129,Gamba,0,CN,1551851123,100,,,17,2,28.0,88.0
130,Kovdor,0,RU,1551851123,81,,,4,8,67.0,30.0
131,Esperance,20,TT,1551851107,94,,,75,5,10.0,-61.0
132,Magadan,44,RU,1551851083,100,,,12,3,59.0,150.0
133,Fort Pierce,1,US,1551850890,87,,,55,8,27.0,-80.0
134,Manavalakurichi,40,IN,1551850200,62,,,89,9,8.0,77.0
135,Barrow,12,AR,1551851125,60,,,63,9,-38.0,-60.0
136,Tasiilaq,32,GL,1551847800,37,,,19,11,65.0,-37.0
137,Butaritari,92,KI,1551851125,100,,,75,0,3.0,172.0
138,Namatanai,36,PG,1551851125,95,,,84,7,-3.0,152.0
139,Riyadh,0,SA,1551848400,20,,,64,8,24.0,46.0
140,Hualmay,8,PE,1551851126,92,,,66,3,-11.0,-77.0
141,Port Alfred,0,ZA,1551851116,83,,,71,3,-33.0,26.0
142,Kimbe,56,PG,1551851126,95,,,84,3,-5.0,150.0
143,Bandarbeyla,8,SO,1551851126,100,,,79,15,9.0,50.0
144,Villa Alemana,0,CL,1551848400,76,,,66,4,-33.0,-71.0
145,Ponta Delgada,40,PT,1551851077,62,,,55,6,37.0,-25.0
146,Cabra,48,ES,1551851008,87,,,57,9,37.0,-4.0
147,Balkhash,75,KZ,1551850200,79,,,24,17,46.0,74.0
148,Cherskiy,76,RU,1551851127,74,,,0,3,68.0,161.0
149,Omboue,48,GA,1551851127,100,,,80,2,-1.0,9.0
150,Thompson,90,CA,1551848400,70,,,0,6,55.0,-97.0
151,Faanui,76,PF,1551851127,100,,,83,8,-16.0,-151.0
152,Ancud,90,CL,1551848400,100,,,55,20,-41.0,-73.0
153,Utrecht,0,NL,1551850971,93,,,48,14,52.0,5.0
154,Presidente Medici,24,BR,1551851128,95,,,73,2,-11.0,-61.0
155,Faya,40,SA,1551848400,82,,,60,12,18.0,42.0
156,Makakilo City,75,US,1551850859,72,,,69,4,21.0,-158.0
157,Viedma,44,AR,1551851128,33,,,62,12,-40.0,-62.0
158,Ozernovskiy,12,RU,1551851128,83,,,20,10,51.0,156.0
159,Indian Head,48,CA,1551850854,74,,,1,10,50.0,-103.0
160,Nelson Bay,36,AU,1551850620,33,,,87,17,-32.0,152.0
161,Easton,80,US,1551850930,57,,,23,8,42.0,-71.0
162,Mugan,68,CN,1551851129,44,,,31,2,35.0,101.0
163,Playa del Carmen,75,MX,1551850985,88,,,78,7,20.0,-87.0
164,Salalah,20,OM,1551847800,57,,,78,2,17.0,54.0
165,Hirara,75,JP,1551848400,78,,,73,11,24.0,125.0
166,Torbay,40,CA,1551851129,73,,,25,16,47.0,-52.0
167,Lata,0,IN,1551851130,77,,,47,2,30.0,78.0
168,La Paz,75,MX,1551850335,55,,,64,4,24.0,-110.0
169,Tsaratanana,36,MG,1551851130,98,,,75,3,-16.0,47.0
170,Buta,8,CD,1551851131,89,,,78,2,2.0,24.0
171,Vila Velha,75,BR,1551850703,88,,,79,8,-3.0,-38.0
172,Soyo,75,AO,1551848400,88,,,77,3,-6.0,12.0
173,Kavieng,32,PG,1551851131,100,,,84,5,-2.0,150.0
174,Grants,1,US,1551850500,48,,,41,11,35.0,-107.0
175,My Tho,40,VN,1551850200,38,,,93,5,10.0,106.0
176,Sitka,0,US,1551850262,66,,,19,1,37.0,-99.0
177,Mokhsogollokh,68,RU,1551851132,70,,,19,4,61.0,128.0
178,Sola,75,NO,1551851115,86,,,37,12,58.0,5.0
179,Cabo San Lucas,40,MX,1551850857,68,,,70,5,22.0,-109.0
180,Imbituba,40,BR,1551848400,88,,,78,3,-28.0,-48.0
181,Tautira,20,PF,1551850986,74,,,82,3,-17.0,-149.0
182,Mayumba,80,GA,1551851132,100,,,77,2,-3.0,10.0
183,Cockburn Town,80,TC,1551851131,99,,,77,11,21.0,-71.0
184,Sechura,32,PE,1551851133,84,,,75,8,-5.0,-80.0
185,Kahului,40,US,1551850879,56,,,71,9,20.0,-156.0
186,Raudeberg,75,NO,1551851103,80,,,39,8,61.0,5.0
187,Hofn,20,IS,1551851133,100,,,28,9,64.0,-15.0
188,Rio Grande,44,BR,1551851114,98,,,73,7,-32.0,-52.0
189,Gravdal,75,NO,1551851127,86,,,39,9,59.0,5.0
190,Bethel,40,US,1551848160,100,,,30,8,60.0,-161.0
191,Chokurdakh,0,RU,1551851134,62,,,-21,2,70.0,147.0
192,Luderitz,0,NA,1551851134,92,,,59,1,-26.0,15.0
193,Mahebourg,40,MU,1551851044,66,,,84,8,-20.0,57.0
194,Dikson,48,RU,1551851134,100,,,9,13,73.0,80.0
195,Beloha,56,MG,1551851135,67,,,81,14,-25.0,45.0
196,Talaja,0,IN,1551851135,47,,,82,6,21.0,72.0
197,Champua,0,IN,1551851135,61,,,81,5,22.0,85.0
198,Chama,24,ZM,1551851135,89,,,69,4,-11.0,33.0
199,Hobart,40,AU,1551851055,58,,,55,3,-42.0,147.0
200,Baker City,90,US,1551850329,90,,,35,3,44.0,-117.0
201,Xingcheng,0,CN,1551851135,36,,,44,19,40.0,120.0
202,Bathsheba,40,BB,1551848400,78,,,77,18,13.0,-59.0
203,Batken,24,KG,1551850888,88,,,47,3,40.0,70.0
204,Nioro,32,GM,1551851136,29,,,65,8,13.0,-15.0
205,Biak,68,ID,1551851136,65,,,89,2,0.0,122.0
206,Sorong,24,ID,1551851136,100,,,82,6,0.0,131.0
207,Mahroni,0,IN,1551851067,71,,,70,4,24.0,78.0
208,Lapeer,40,US,1551851116,66,,,14,6,43.0,-83.0
209,Camapua,12,BR,1551851136,91,,,69,3,-19.0,-54.0
210,Hammerfest,75,NO,1551849600,85,,,19,43,70.0,23.0
211,Pangnirtung,44,CA,1551851137,71,,,-6,5,66.0,-65.0
212,Quesnel,76,CA,1551850831,74,,,8,2,52.0,-122.0
213,Nefteyugansk,0,RU,1551848400,78,,,8,6,61.0,72.0
214,Port Augusta,40,AU,1551850798,46,,,73,19,-32.0,137.0
215,Shaoxing,75,CN,1551851052,67,,,57,8,30.0,120.0
216,San Luis,12,AR,1551851138,73,,,69,5,-33.0,-66.0
217,Norman Wells,5,CA,1551848400,76,,,-4,2,65.0,-126.0
218,Flinders,75,AU,1551851138,41,,,82,23,-34.0,150.0
219,Portland,75,US,1551850915,50,,,36,11,45.0,-122.0
220,Qasigiannguit,8,GL,1551847800,60,,,10,4,68.0,-51.0
221,Ahuimanu,40,US,1551851100,83,,,69,12,21.0,-157.0
222,Saint George,0,GR,1551851009,66,,,52,4,39.0,22.0
223,San Carlos de Bariloche,40,AR,1551848400,57,,,51,25,-41.0,-71.0
224,Kutum,0,SD,1551851139,27,,,62,11,14.0,24.0
225,Grindavik,40,IS,1551850756,79,,,24,8,63.0,-22.0
226,Hamilton,90,BM,1551850274,94,,,70,29,32.0,-64.0
227,Ribeira Grande,8,PT,1551851140,99,,,58,16,38.0,-28.0
228,Ahipara,44,NZ,1551849247,73,,,75,4,-35.0,173.0
229,Junnar,0,IN,1551851140,34,,,79,3,19.0,73.0
230,Vestmannaeyjar,0,IS,1551851140,100,,,24,8,63.0,-20.0
231,La Orilla,0,MX,1551851140,100,,,68,1,18.0,-102.0
232,South Lake Tahoe,1,US,1551850924,75,,,48,8,38.0,-119.0
233,Naze,48,NG,1551851140,94,,,73,2,5.0,7.0
234,Port Moresby,40,PG,1551848400,70,,,87,17,-9.0,147.0
235,Port Blair,20,IN,1551851141,100,,,81,2,11.0,92.0
236,Brzesko,20,PL,1551851126,75,,,39,9,49.0,20.0
237,Megion,0,RU,1551848400,84,,,8,8,61.0,76.0
238,Paita,36,PE,1551851141,84,,,74,3,-5.0,-81.0
239,Abeokuta,40,NG,1551848400,94,,,80,2,7.0,3.0
240,Meridian,1,US,1551848280,55,,,32,4,32.0,-88.0
241,Guayaquil,75,EC,1551850374,88,,,79,1,-2.0,-79.0
242,Vao,0,EE,1551851142,83,,,7,3,59.0,26.0
243,Campbellton,56,CA,1551851142,79,,,10,3,48.0,-66.0
244,Canala,80,NC,1551850200,62,,,86,10,-21.0,165.0
245,Banff,0,CA,1551851014,64,,,-8,1,51.0,-115.0
246,Geraldton,5,CA,1551848400,75,,,-14,3,49.0,-86.0
247,Casino,0,AU,1551850946,26,,,96,10,-28.0,153.0
248,Walvis Bay,90,NA,1551848524,88,,,66,6,-22.0,14.0
249,Uulu,0,EE,1551850564,66,,,8,2,58.0,24.0
250,Francisco Sa,24,BR,1551851143,94,,,66,4,-16.0,-43.0
251,Sumenep,56,ID,1551851143,94,,,85,12,-7.0,113.0
252,Diamantino,12,BR,1551851143,86,,,75,4,-14.0,-56.0
253,Sechenovo,56,RU,1551851143,93,,,34,17,55.0,45.0
254,Kittery,75,US,1551850962,44,,,24,5,43.0,-70.0
255,Nabire,56,ID,1551851144,96,,,74,1,-3.0,135.0
256,Kieta,56,PG,1551851144,88,,,83,5,-6.0,155.0
257,Cayenne,88,GF,1551850200,94,,,73,6,4.0,-52.0
258,Kharp,64,RU,1551851144,71,,,-6,7,66.0,65.0
259,Havre-Saint-Pierre,20,CA,1551848400,65,,,5,9,50.0,-63.0
260,Itacare,80,BR,1551851144,100,,,78,2,-14.0,-39.0
261,Enkhuizen,90,NL,1551851141,93,,,46,13,52.0,5.0
262,Batticaloa,0,LK,1551851145,90,,,85,4,7.0,81.0
263,Zakamensk,0,RU,1551851145,57,,,40,3,50.0,103.0
264,Lebu,76,ET,1551851145,87,,,55,3,8.0,38.0
265,Alexander City,1,US,1551851133,43,,,34,6,32.0,-85.0
266,Mocuba,88,MZ,1551851145,100,,,74,4,-16.0,36.0
267,Zhigansk,92,RU,1551851145,81,,,13,13,66.0,123.0
268,San Ramon,92,NI,1551850863,89,,,66,5,12.0,-85.0
269,Bedburg,75,DE,1551851146,87,,,48,5,51.0,6.0
270,Rehoboth,36,NA,1551851146,58,,,66,3,-23.0,17.0
271,Lazaro Cardenas,24,MX,1551851042,37,,,57,1,28.0,-105.0
272,Constantine,0,DZ,1551848400,80,,,41,2,36.0,6.0
273,Ciudad del Maiz,92,MX,1551851147,94,,,42,3,22.0,-99.0
274,Bay Roberts,40,CA,1551851146,73,,,25,16,47.0,-53.0
275,Neuquen,0,AR,1551848400,87,,,51,6,-38.0,-68.0
276,Tehachapi,75,US,1551850859,100,,,57,2,35.0,-118.0
277,Ningxiang,90,CN,1551848400,82,,,55,6,28.0,112.0
278,Abbeville,90,FR,1551851070,81,,,48,11,50.0,1.0
279,Sweetwater,1,US,1551851136,71,,,32,5,32.0,-100.0
280,Loikaw,0,MM,1551851148,50,,,80,4,19.0,97.0
281,Powell,1,US,1551850987,85,,,15,9,40.0,-83.0
282,Bakchar,48,RU,1551851148,76,,,23,4,57.0,82.0
283,Olenino,68,RU,1551851148,81,,,17,17,56.0,33.0
284,Ust-Nera,0,RU,1551851148,72,,,-13,2,64.0,143.0
285,Sitangkai,24,PH,1551851148,100,,,82,1,4.0,119.0
286,Grand Valley,1,CA,1551851129,71,,,10,12,43.0,-80.0
287,Pacasmayo,56,PE,1551851149,94,,,72,6,-7.0,-79.0
288,Muri,0,CH,1551851136,92,,,37,1,46.0,7.0
289,Gwadar,0,PK,1551851149,72,,,71,4,25.0,62.0
290,Kholm-Zhirkovskiy,56,RU,1551851149,74,,,19,13,55.0,33.0
291,Manhumirim,76,BR,1551851149,98,,,66,3,-20.0,-41.0
292,Caluquembe,92,AO,1551851149,99,,,64,2,-13.0,14.0
293,Bilibino,80,RU,1551851150,71,,,2,2,68.0,166.0
294,Skegness,90,GB,1551851120,100,,,48,18,53.0,0.0
295,Byron Bay,0,AU,1551850946,78,,,96,18,-28.0,153.0
296,Natal,75,BR,1551848400,94,,,77,5,-5.0,-35.0
297,Katherine,40,AU,1551848400,30,,,98,11,-14.0,132.0
298,Guerrero Negro,24,MX,1551851150,100,,,55,5,27.0,-114.0
299,Molagavita,12,CO,1551851150,93,,,47,1,6.0,-72.0
300,Dedza,80,MW,1551851150,85,,,68,11,-14.0,34.0
301,Trelew,8,AR,1551851151,49,,,54,9,-43.0,-65.0
302,Qandala,20,SO,1551851151,82,,,76,1,11.0,49.0
303,Mitsamiouli,20,KM,1551848400,66,,,86,5,-11.0,43.0
304,Olinda,75,EC,1551850374,88,,,79,3,-2.0,-79.0
305,Ergani,68,TR,1551849600,100,,,39,3,38.0,39.0
306,Ampanihy,36,MG,1551851151,83,,,77,14,-24.0,44.0
307,Mastic Beach,1,US,1551851150,45,,,28,9,40.0,-72.0
308,Fria,0,GN,1551851152,89,,,65,2,10.0,-13.0
309,Khasan,76,RU,1551851152,69,,,40,2,42.0,130.0
310,Moose Factory,1,CA,1551848400,83,,,-9,5,51.0,-80.0
311,Coihueco,0,CL,1551848400,70,,,46,3,-36.0,-71.0
312,Evensk,68,RU,1551851152,100,,,13,7,61.0,159.0
313,Samarai,44,PG,1551851152,100,,,81,2,-10.0,150.0
314,Chapais,1,CA,1551848400,83,,,-4,5,49.0,-74.0
315,Bolshoye Murashkino,88,RU,1551851153,95,,,35,19,55.0,44.0
316,Litovko,8,RU,1551851153,59,,,28,3,49.0,135.0
317,Gelemso,76,ET,1551851153,96,,,60,3,8.0,40.0
318,Port Hardy,20,CA,1551848400,63,,,30,8,50.0,-127.0
319,Katsuura,90,JP,1551849883,81,,,53,2,33.0,134.0
320,Wanaka,0,NZ,1551851153,26,,,70,3,-44.0,169.0
321,Ugoofaaru,20,MV,1551851154,99,,,83,9,5.0,73.0
322,Tamiahua,92,MX,1551851154,100,,,57,18,21.0,-97.0
323,Bull Savanna,0,JM,1551851154,88,,,63,2,17.0,-77.0
324,Dagda,0,LV,1551851154,81,,,14,10,56.0,27.0
325,Yuci,0,CN,1551850200,9,,,50,13,37.0,112.0
326,Coihaique,75,CL,1551848400,93,,,51,9,-45.0,-72.0
327,Finnsnes,90,NO,1551851116,92,,,23,21,69.0,17.0
328,Kedrovyy,0,RU,1551848400,39,,,30,8,56.0,91.0
329,Pyapon,0,MM,1551851155,66,,,85,6,16.0,95.0
330,Meulaboh,8,ID,1551851155,93,,,87,4,4.0,96.0
331,Prince Rupert,1,CA,1551848400,100,,,32,9,54.0,-130.0
332,Atambua,56,ID,1551851155,100,,,80,5,-9.0,124.0
333,Souillac,0,FR,1551851150,58,,,54,21,45.0,0.0
334,Pisco,75,PE,1551848400,78,,,73,4,-13.0,-76.0
335,Wajima,75,JP,1551848400,41,,,57,21,37.0,136.0
336,Lyuban,20,BY,1551851156,96,,,30,9,52.0,28.0
337,Rottenmann,20,AT,1551851131,92,,,37,2,47.0,14.0
338,Tuy Hoa,0,VN,1551851156,68,,,86,9,13.0,109.0
339,Gizo,0,IL,1551850631,87,,,55,1,31.0,34.0
340,Nauta,88,PE,1551851156,96,,,74,3,-4.0,-73.0
341,Kenora,90,CA,1551850967,77,,,3,4,49.0,-94.0
342,Kabalo,32,CD,1551851157,95,,,72,4,-6.0,26.0
343,Bilma,0,NE,1551851157,30,,,49,5,18.0,12.0
344,Dingle,0,PH,1551851157,42,,,90,12,11.0,122.0
345,Zabid,0,YE,1551851157,60,,,62,1,14.0,44.0
346,Tevaitoa,88,PF,1551851157,100,,,84,7,-16.0,-151.0
347,Saint-Pierre,0,FR,1551850924,80,,,44,16,48.0,4.0
348,San Javier,68,ES,1551851141,93,,,57,2,37.0,0.0
349,Mount Gambier,75,AU,1551848400,48,,,60,17,-37.0,140.0
350,Goderich,56,CA,1551850925,62,,,14,3,43.0,-81.0
351,Micheweni,0,TZ,1551851159,100,,,83,11,-4.0,39.0
352,Batemans Bay,8,AU,1551851130,46,,,71,1,-35.0,150.0
353,Waingapu,56,ID,1551851159,96,,,81,5,-9.0,120.0
354,Tual,92,ID,1551851159,100,,,83,6,-5.0,132.0
355,Tura,92,IN,1551851159,83,,,68,2,25.0,90.0
356,Cordoba,48,CO,1551851159,92,,,52,2,5.0,-73.0
357,Codrington,0,AU,1551850946,52,,,96,14,-28.0,153.0
358,Buala,56,SB,1551851160,89,,,84,6,-8.0,159.0
359,Bongor,0,TD,1551851160,33,,,76,8,10.0,15.0
360,Vardo,90,US,1551851147,57,,,24,16,39.0,-77.0
361,Kostomuksha,8,RU,1551851160,71,,,3,7,64.0,30.0
362,Serov,92,RU,1551851160,82,,,20,10,59.0,60.0
363,Kasongo-Lunda,48,CD,1551851160,96,,,69,1,-6.0,16.0
364,Dunedin,0,NZ,1551850828,73,,,66,8,-45.0,170.0
365,San Quintin,0,PH,1551851161,46,,,87,7,17.0,120.0
366,Banda Aceh,24,ID,1551851161,78,,,85,4,5.0,95.0
367,Metz,0,FR,1551850839,80,,,43,14,49.0,6.0
368,Marsa Matruh,75,EG,1551848400,93,,,46,3,31.0,27.0
369,Hailar,12,CN,1551851161,34,,,34,14,49.0,119.0
370,Leninskoye,90,RU,1551848400,85,,,21,8,54.0,82.0
371,Paracuru,75,BR,1551850703,88,,,79,8,-3.0,-39.0
372,Colares,40,PT,1551851156,93,,,59,23,38.0,-9.0
373,Itarema,92,BR,1551851162,99,,,73,5,-2.0,-39.0
374,Vilhena,24,BR,1551851162,95,,,71,2,-12.0,-60.0
375,Saint-Georges,20,CA,1551851152,86,,,5,4,46.0,-70.0
376,Bria,0,CF,1551851163,47,,,78,8,6.0,21.0
377,Kathu,0,ZA,1551851118,53,,,73,11,-27.0,23.0
378,Mingyue,36,CN,1551851163,40,,,40,4,43.0,128.0
379,Koubia,0,GN,1551851163,45,,,58,4,11.0,-11.0
380,Kavaratti,8,IN,1551851163,100,,,81,15,10.0,72.0
381,Phalaborwa,92,ZA,1551848400,83,,,73,6,-23.0,31.0
382,South Valley,1,US,1551851150,45,,,48,5,35.0,-106.0
383,Abnub,0,EG,1551848400,66,,,50,5,27.0,31.0
384,Whitehorse,5,CA,1551848400,51,,,12,11,60.0,-135.0
385,Palmares do Sul,68,BR,1551851111,97,,,69,4,-30.0,-50.0
386,Taltal,8,CL,1551851164,98,,,55,1,-25.0,-70.0
387,Jining,0,CN,1551851165,40,,,56,17,35.0,116.0
388,Veraval,0,FR,1551851158,81,,,50,17,49.0,0.0
389,Elko,90,US,1551851127,86,,,37,4,40.0,-115.0
390,Bangkalan,40,ID,1551850200,79,,,84,11,-7.0,112.0
391,Chernenko,68,UA,1551851165,90,,,40,7,47.0,37.0
392,Cap Malheureux,40,MU,1551851044,66,,,84,8,-19.0,57.0
393,Puqi,76,CN,1551851165,96,,,58,9,29.0,113.0
394,Long Beach,1,US,1551851159,51,,,39,6,30.0,-89.0
395,Westport,90,IE,1551850984,93,,,41,12,53.0,-9.0
396,Lethem,0,GY,1551851166,65,,,79,12,3.0,-59.0
397,Pacifica,75,US,1551851165,93,,,57,25,37.0,-122.0
398,Kaffrine,8,SN,1551851166,22,,,63,9,14.0,-15.0
399,College,1,US,1551850835,72,,,26,6,64.0,-147.0
400,Garissa,0,KE,1551851166,60,,,83,4,0.0,39.0
401,Kamra,0,PK,1551850961,50,,,66,4,33.0,72.0
402,Te Anau,0,NZ,1551851167,41,,,65,13,-45.0,167.0
403,Kapit,8,MY,1551851167,68,,,87,0,2.0,112.0
404,Satara,0,IN,1551851111,46,,,80,3,17.0,74.0
405,Aurada,0,IN,1551851167,30,,,86,8,18.0,77.0
406,Iskateley,76,RU,1551851167,80,,,7,8,67.0,53.0
407,Hovd,0,NO,1551851164,78,,,21,10,63.0,10.0
408,Muroto,75,JP,1551848400,87,,,53,6,33.0,134.0
409,Tuatapere,0,NZ,1551851168,61,,,68,15,-46.0,167.0
410,Moree,0,AU,1551851153,22,,,96,9,-29.0,149.0
411,Aguas de Lindoia,8,BR,1551851045,90,,,63,2,-22.0,-46.0
412,Uvinza,92,TZ,1551851168,99,,,62,0,-5.0,30.0
413,Sawakin,0,SD,1551851168,85,,,67,4,19.0,37.0
414,Yuncheng,24,CN,1551851169,61,,,56,4,35.0,111.0
415,Ossora,88,RU,1551851169,92,,,15,8,59.0,163.0
416,Great Yarmouth,92,GB,1551851164,93,,,48,13,52.0,1.0
417,Buraydah,0,SA,1551848400,54,,,57,18,26.0,43.0
418,Adana,0,TR,1551850938,93,,,50,3,37.0,35.0
419,Lorengau,24,PG,1551851169,100,,,80,2,-2.0,147.0
420,Ankang,88,CN,1551851169,77,,,49,2,32.0,108.0
421,Lithgow,92,AU,1551851097,33,,,86,19,-33.0,150.0
422,Key West,1,US,1551851002,84,,,6,5,47.0,-96.0
423,Mae Hong Son,20,MM,1551848400,42,,,84,5,19.0,97.0
424,Jardim,12,BR,1551851170,88,,,73,5,-21.0,-56.0
425,Kandi,0,BJ,1551851170,29,,,70,8,11.0,2.0
426,Maraa,0,BR,1551851170,92,,,76,2,-1.0,-65.0
427,Roebourne,0,AU,1551851170,20,,,105,9,-20.0,117.0
428,Irbit,80,RU,1551851170,85,,,17,15,57.0,63.0
429,Deputatskiy,0,RU,1551851171,75,,,-8,2,69.0,139.0
430,Marabba,8,SD,1551851171,17,,,76,12,12.0,32.0
431,Yulara,0,AU,1551848400,18,,,96,13,-25.0,130.0
432,Lensk,88,RU,1551851171,71,,,27,11,60.0,114.0
433,Bud,0,NO,1551851165,67,,,32,12,62.0,6.0
434,Esil,64,KZ,1551851171,96,,,31,14,51.0,66.0
435,Bluefield,90,US,1551851127,67,,,24,13,37.0,-81.0
436,Trogir,0,HR,1551851103,81,,,46,3,43.0,16.0
437,Orlovskiy,88,RU,1551851172,80,,,44,13,46.0,42.0
438,Storforshei,90,NO,1551850811,84,,,10,1,66.0,14.0
439,Srednekolymsk,68,RU,1551851172,62,,,-3,2,67.0,153.0
440,Zhanaozen,0,KZ,1551851172,70,,,43,8,43.0,52.0
441,Sangar,88,RU,1551851172,75,,,2,5,63.0,127.0
442,Lincoln,92,GB,1551851120,93,,,48,20,53.0,0.0
443,Espanola,20,CA,1551850328,81,,,-6,5,46.0,-81.0
444,Baruun-Urt,12,MN,1551851173,25,,,35,15,46.0,113.0
445,Kelvington,44,CA,1551851173,76,,,3,8,52.0,-103.0
446,Kirakira,24,SB,1551851173,100,,,84,10,-10.0,161.0
447,Great Bend,1,US,1551851128,85,,,10,5,38.0,-98.0
448,Praia da Vitoria,20,PT,1551851110,76,,,53,19,38.0,-27.0
449,Tazovskiy,56,RU,1551851174,84,,,4,13,67.0,78.0
450,Santa Isabel do Rio Negro,32,BR,1551851174,92,,,77,1,0.0,-65.0
451,Stalowa Wola,75,PL,1551851168,90,,,39,16,50.0,22.0
452,San Juan,20,PH,1551850219,52,,,90,9,14.0,121.0
453,Leshukonskoye,80,RU,1551851175,77,,,12,6,64.0,45.0
454,Monroe,40,US,1551851175,78,,,16,10,41.0,-83.0
455,Paamiut,76,GL,1551851175,96,,,29,12,61.0,-49.0
456,Hebi,0,CN,1551851176,42,,,50,9,35.0,114.0
457,Sambava,36,MG,1551851176,100,,,81,2,-14.0,50.0
458,Maku,0,IR,1551847800,59,,,37,3,39.0,44.0
459,Rovaniemi,0,FI,1551849600,71,,,3,18,66.0,25.0
460,Adwa,0,ET,1551851177,37,,,67,2,14.0,38.0
461,Rio Gallegos,90,AR,1551848400,87,,,46,14,-51.0,-69.0
462,Paso de los Toros,8,UY,1551851177,87,,,70,12,-32.0,-56.0
463,Monmouth,90,GB,1551851173,93,,,50,19,51.0,-2.0
464,Adrar,0,DZ,1551848400,27,,,51,9,27.0,0.0
465,Dubti,32,ET,1551851177,59,,,73,7,11.0,41.0
466,Pangkalanbuun,76,ID,1551851177,89,,,84,4,-2.0,111.0
467,Thunder Bay,5,CA,1551851130,75,,,-10,4,48.0,-89.0
468,Carutapera,68,BR,1551851178,98,,,75,1,-1.0,-46.0
469,Chifeng,24,CN,1551851178,79,,,28,9,42.0,118.0
470,Mianyang,92,CN,1551851178,86,,,54,8,31.0,104.0
471,Axim,8,GH,1551851178,100,,,80,8,4.0,-2.0
472,Iquitos,75,PE,1551848400,94,,,77,4,-3.0,-73.0
473,Ubinskoye,76,RU,1551851178,97,,,25,8,55.0,79.0
474,Champerico,5,MX,1551847560,68,,,69,17,16.0,-93.0
475,Mecca,0,SA,1551851090,35,,,67,6,21.0,39.0
476,Brufut,8,GM,1551851179,73,,,70,15,13.0,-16.0
477,Dalvik,75,SE,1551851106,100,,,30,9,57.0,14.0
478,Imeni Poliny Osipenko,64,RU,1551851179,64,,,27,4,52.0,136.0
479,Red Bluff,90,US,1551851118,87,,,53,10,40.0,-122.0
480,Taoudenni,0,ML,1551851179,27,,,49,8,22.0,-3.0
481,Gat,0,SN,1551848400,68,,,64,21,14.0,-16.0
482,Cururupu,56,BR,1551851180,97,,,74,2,-1.0,-44.0
483,Santa Maria,92,BR,1551851181,91,,,71,4,-29.0,-53.0
484,Taksimo,36,RU,1551851181,53,,,23,1,56.0,114.0
485,Hefei,0,CN,1551848400,67,,,57,8,31.0,117.0
486,Akureyri,90,IS,1551848400,73,,,23,3,65.0,-18.0
487,Helong,92,CN,1551851181,88,,,57,4,25.0,116.0
488,Nishihara,75,JP,1551851166,66,,,60,7,35.0,139.0
489,Auki,0,NG,1551851182,42,,,64,5,12.0,6.0
490,Thinadhoo,76,MV,1551851182,100,,,82,9,0.0,72.0
491,Charlestown,20,US,1551851175,49,,,26,4,41.0,-71.0
492,Lagoa,75,PT,1551851181,93,,,60,21,37.0,-8.0
493,Netivot,0,IL,1551851183,84,,,50,3,31.0,34.0
494,Labuhan,80,ID,1551851183,91,,,76,3,-2.0,115.0
495,Belyy Yar,0,RU,1551848400,34,,,37,2,53.0,91.0
496,Kruisfontein,0,ZA,1551851183,75,,,68,6,-34.0,24.0
497,Aracati,92,BR,1551851183,98,,,72,3,-4.0,-37.0
498,Veracruz,40,VE,1551848400,74,,,80,4,7.0,-72.0
499,Accra,0,GH,1551848400,88,,,80,5,5.0,0.0
500,Senges,0,BR,1551851135,99,,,69,1,-24.0,-49.0
501,Bahia Honda,92,CU,1551851184,100,,,71,10,22.0,-83.0
502,Sault Sainte Marie,90,CA,1551850020,84,,,1,6,46.0,-84.0
503,Esna,32,RO,1551851184,72,,,39,4,45.0,27.0
504,Touros,75,BR,1551848400,94,,,77,5,-5.0,-35.0
505,Fort Nelson,5,CA,1551848400,84,,,1,4,58.0,-122.0
506,Karratha,0,AU,1551851185,20,,,105,9,-20.0,116.0
507,Koslan,80,RU,1551851185,79,,,21,8,63.0,48.0
508,Umm Lajj,12,SA,1551851185,89,,,64,7,25.0,37.0
509,Vanimo,44,PG,1551851185,100,,,82,9,-2.0,141.0
510,Ozinki,44,RU,1551851185,95,,,35,15,51.0,49.0
511,Constitucion,0,MX,1551851185,52,,,52,5,23.0,-104.0
512,Ulety,8,RU,1551851186,30,,,36,4,51.0,112.0
513,Calama,0,CL,1551848400,79,,,53,12,-22.0,-68.0
514,Tessalit,0,ML,1551851186,29,,,47,3,20.0,1.0
515,Dawson Creek,90,CA,1551848400,77,,,5,3,55.0,-120.0
516,Manzanillo,0,CU,1551851186,100,,,76,14,20.0,-77.0
517,Vuktyl,80,RU,1551851186,81,,,19,9,63.0,57.0
518,Pimentel,76,BR,1551851186,96,,,74,2,-3.0,-45.0
519,Inverell,0,AU,1551850958,31,,,96,5,-29.0,151.0
520,Saint Anthony,90,US,1551851124,86,,,30,3,43.0,-111.0
521,Kedougou,0,SN,1551851187,65,,,60,2,12.0,-12.0
522,Rawson,8,AR,1551851187,49,,,54,9,-43.0,-65.0
523,Linjiang,56,CN,1551851187,78,,,35,7,41.0,126.0
524,Cervo,0,BR,1551851187,90,,,58,2,-22.0,-46.0
525,Cabildo,0,CL,1551848400,76,,,57,4,-32.0,-71.0
526,Lujan,76,AR,1551851188,43,,,61,30,-46.0,-67.0
527,Hobyo,80,SO,1551851188,80,,,80,16,5.0,48.0
528,Binga,20,ZW,1551851188,69,,,80,5,-17.0,27.0
529,Samana,44,EC,1551851188,94,,,73,1,0.0,-76.0
530,Talnakh,76,RU,1551851188,83,,,8,16,69.0,88.0
531,Hambantota,75,LK,1551849000,83,,,84,8,6.0,81.0
532,Aklavik,5,CA,1551848400,66,,,12,6,68.0,-135.0
533,Zeya,0,RU,1551851189,47,,,29,5,53.0,127.0
534,Lebanon,1,US,1551850920,84,,,14,4,43.0,-72.0
535,Port Said,0,EG,1551851190,65,,,47,5,25.0,30.0
536,Amarante do Maranhao,32,BR,1551850916,96,,,70,2,-5.0,-46.0
537,Alexandria,1,US,1551850868,51,,,37,4,31.0,-92.0
538,Ambilobe,64,MG,1551851190,100,,,79,4,-13.0,49.0
539,Fukue,75,JP,1551851010,66,,,55,5,35.0,136.0
540,Kokkola,0,FI,1551851102,84,,,17,9,63.0,23.0
541,Codajas,24,BR,1551851190,83,,,79,5,-3.0,-62.0
542,Damavand,40,IR,1551850200,27,,,51,6,35.0,52.0
543,Balikpapan,40,ID,1551850200,52,,,93,9,-1.0,116.0
544,Verkhoyansk,0,RU,1551851191,71,,,-6,3,67.0,133.0
545,Fallon,1,US,1551848160,65,,,3,6,46.0,-105.0
546,Roquebrune-Cap-Martin,75,IT,1551851176,52,,,51,9,43.0,7.0
547,Yar-Sale,20,RU,1551851191,69,,,-1,14,66.0,70.0
548,Springdale,1,US,1551851154,67,,,23,4,36.0,-94.0
549,Falun,88,SE,1551850665,84,,,1,5,60.0,15.0
